subbasin,gsa,year,cropped_acres,idle_acres,urban_acres,other_acres,citrus,deciduous,field,grain,pasture,rice,truck,vineyard,young_perennial
Kaweah,East Kaweah GSA,2020,83848.0,0.0,13874.3,4771.0,62204.4,8738.0,3365.0,2389.7,3504.7,0.0,139.6,2704.6,802.0
Kaweah,East Kaweah GSA,2021,80500.3,3795.5,13896.6,4282.3,60492.3,8662.3,3570.2,411.9,2959.1,0.0,145.5,2729.3,1529.7
Kaweah,East Kaweah GSA,2022,82122.0,4807.1,14888.5,1648.7,60887.6,9052.6,2636.0,2496.2,2249.7,0.0,99.2,2645.4,2055.3
Kaweah,East Kaweah GSA,2023,82564.7,4520.1,15220.0,1884.2,61179.1,9085.3,3115.6,3607.7,1860.1,0.0,99.6,2625.6,991.7
Kaweah,East Kaweah GSA,2024,82704.7,4867.5,15266.4,1301.5,61013.2,8886.0,3063.3,4273.9,1506.6,0.0,153.4,2552.1,1256.2
Kaweah,Greater Kaweah GSA,2020,165154.8,0.0,45093.0,6724.1,12578.1,58438.5,62000.2,7075.0,17035.3,0.0,1846.2,3660.0,2521.5
Kaweah,Greater Kaweah GSA,2021,159976.0,5357.1,45078.1,5999.1,12510.2,57192.8,58538.1,6014.9,16818.9,0.0,2316.2,3459.3,3125.6
Kaweah,Greater Kaweah GSA,2022,162943.9,6467.5,45913.1,1409.0,13087.5,59907.3,60303.5,7211.1,14500.5,0.0,2670.4,3455.2,1808.4
Kaweah,Greater Kaweah GSA,2023,161868.7,5142.9,37844.8,2403.8,13169.9,58188.0,63323.9,7270.0,12357.2,0.0,3180.9,3191.8,1187.0
Kaweah,Greater Kaweah GSA,2024,159123.9,5328.9,38172.2,4193.2,13445.5,55533.9,58490.2,12127.9,11896.9,0.0,3194.6,2906.9,1528.0
Kaweah,Mid-Kaweah GSA,2020,64633.1,0.0,29719.9,3021.7,189.8,23608.0,27374.5,2720.8,9882.5,0.0,313.3,450.9,93.3
Kaweah,Mid-Kaweah GSA,2021,61780.0,2675.6,29801.4,3445.7,175.4,23403.6,25325.0,1682.5,10265.6,0.0,323.2,450.9,153.8
Kaweah,Mid-Kaweah GSA,2022,62645.6,2961.1,30264.0,1417.1,244.2,25368.1,24614.0,1856.9,9357.4,0.0,273.4,438.4,493.2
Kaweah,Mid-Kaweah GSA,2023,63251.2,2062.0,30999.1,1103.4,244.2,25680.8,26027.3,2012.0,8210.8,0.0,374.5,438.4,263.2
Kaweah,Mid-Kaweah GSA,2024,62699.1,1951.4,31254.9,1224.3,231.8,25301.7,25752.0,2578.7,7847.9,0.0,272.0,438.3,276.7
Kern,Arvin GSA,2020,77739.1,0.0,82699.3,9035.8,14780.8,13003.5,1343.3,2442.3,1358.2,0.0,28089.7,16077.3,644.0
Kern,Arvin GSA,2021,77433.9,6179.2,82631.6,3218.1,14151.7,12871.2,1375.9,3694.1,959.9,0.0,27662.3,15570.9,1147.9
Kern,Arvin GSA,2022,78723.6,4444.8,83149.4,3831.0,14426.3,13389.6,1449.4,2909.0,897.6,0.0,28526.1,15843.9,1281.7
Kern,Arvin GSA,2023,78515.5,5095.6,83477.9,3446.9,14716.9,13557.1,1683.2,3436.5,1056.9,0.0,27387.5,15865.4,812.0
Kern,Arvin GSA,2024,78209.7,4915.8,83599.4,3784.1,14551.1,14359.0,1639.6,5736.4,1068.7,0.0,25055.1,15157.4,642.4
Kern,Buena Vista Water Storage District GSA,2020,35354.5,0.0,352.5,7292.9,79.5,16493.9,8487.6,654.5,3466.2,0.0,1244.8,4595.4,332.6
Kern,Buena Vista Water Storage District GSA,2021,35533.8,5600.2,352.5,1449.7,79.5,16622.3,7633.7,986.7,3601.0,0.0,1561.4,4595.4,453.8
Kern,Buena Vista Water Storage District GSA,2022,38291.9,3702.6,352.9,509.0,79.5,17362.2,8304.1,1478.4,3467.2,0.0,1459.4,5191.6,949.5
Kern,Buena Vista Water Storage District GSA,2023,39197.5,2901.1,352.9,309.3,79.5,18319.7,8904.7,1602.7,3192.5,0.0,1500.6,5184.8,413.0
Kern,Buena Vista Water Storage District GSA,2024,38677.1,2872.1,236.2,853.0,79.5,18574.0,9912.4,588.7,2703.1,0.0,1234.6,5172.0,412.8
Kern,Cawelo Water District GSA,2020,34127.3,0.0,81192.2,4487.4,9859.9,15639.8,0.0,222.9,0.0,0.0,246.9,6138.8,2019.0
Kern,Cawelo Water District GSA,2021,33484.5,3341.8,80717.8,1923.7,9888.2,15582.1,0.0,177.3,30.8,0.0,208.2,5362.2,2235.7
Kern,Cawelo Water District GSA,2022,35230.4,2265.6,81238.1,983.2,10061.5,17589.9,0.0,684.7,34.0,0.0,222.8,5227.4,1410.1
Kern,Cawelo Water District GSA,2023,34947.3,2282.3,81594.7,1298.9,10141.6,17940.8,4.6,1010.8,34.9,0.0,231.8,5116.3,466.5
Kern,Cawelo Water District GSA,2024,33816.8,2825.6,81830.5,1849.1,10114.5,16787.3,0.0,1096.9,34.9,0.0,231.8,4476.7,1074.7
Kern,Greenfield County Water District GSA,2020,575.6,0.0,79213.6,100.8,0.0,102.4,144.7,63.6,191.2,0.0,0.0,73.7,0.0
Kern,Greenfield County Water District GSA,2021,511.9,100.8,78840.4,63.6,0.0,102.3,144.7,0.0,191.2,0.0,0.0,73.7,0.0
Kern,Greenfield County Water District GSA,2022,511.9,162.9,79356.7,0.0,0.0,102.3,163.3,10.8,161.8,0.0,0.0,73.7,0.0
Kern,Greenfield County Water District GSA,2023,474.8,162.9,79726.0,0.0,0.0,102.3,71.6,0.0,183.2,0.0,44.0,73.7,0.0
Kern,Greenfield County Water District GSA,2024,509.9,125.6,79966.4,1.9,0.0,102.3,71.2,117.8,144.9,0.0,0.0,73.7,0.0
Kern,Henry Miller Water District GSA,2020,8325.3,0.0,178.0,13606.9,0.0,6099.6,766.2,0.0,0.0,0.0,1459.5,0.0,0.0
Kern,Henry Miller Water District GSA,2021,6819.0,13064.5,0.0,2056.6,0.0,6099.6,0.0,0.0,0.0,0.0,719.4,0.0,0.0
Kern,Henry Miller Water District GSA,2022,6099.5,14743.1,0.0,1175.6,0.0,6099.5,0.0,0.0,0.0,0.0,0.0,0.0,0.0
Kern,Henry Miller Water District GSA,2023,9960.6,11873.1,0.0,48.5,0.0,6097.3,946.0,0.0,0.0,0.0,2917.3,0.0,0.0
Kern,Henry Miller Water District GSA,2024,13432.0,6499.8,0.0,1294.7,0.0,6078.2,5007.1,0.0,0.0,0.0,2346.7,0.0,0.0
Kern,Kern Non-Districted Land Authority GSA,2020,21989.9,0.0,85003.7,9683.6,4303.9,9186.7,2369.5,1786.8,1699.7,0.0,256.8,786.5,1600.0
Kern,Kern Non-Districted Land Authority GSA,2021,21508.2,8284.5,84071.0,2229.1,4188.0,9123.5,1958.2,2164.2,1585.7,0.0,190.6,689.2,1608.8
Kern,Kern Non-Districted Land Authority GSA,2022,23284.6,7723.3,85050.8,974.8,5711.7,8998.9,2451.0,3390.9,1641.4,0.0,91.7,654.3,344.7
Kern,Kern Non-Districted Land Authority GSA,2023,24711.4,6355.8,84599.4,1390.5,5879.7,8491.4,2162.6,5564.7,1600.0,0.0,287.2,629.1,96.7
Kern,Kern Non-Districted Land Authority GSA,2024,25292.9,6266.6,84540.1,1097.7,5678.5,8556.3,1738.5,6821.6,1480.9,0.0,379.9,620.5,16.7
Kern,Kern River GSA,2020,99220.9,0.0,85740.9,12700.5,879.3,34208.0,24270.2,5707.6,15609.2,0.0,12239.2,5498.7,808.7
Kern,Kern River GSA,2021,98257.4,9860.2,85635.4,4628.4,879.3,34218.8,23645.3,7863.6,14402.8,0.0,11575.3,4836.9,835.4
Kern,Kern River GSA,2022,98128.8,9378.6,86678.0,4431.2,1247.4,36459.2,23649.2,6648.3,12629.8,0.0,11153.4,4705.2,1636.3
Kern,Kern River GSA,2023,100656.7,8368.8,87309.8,2660.1,1304.1,38451.1,25046.0,5515.9,13916.1,0.0,11745.6,4541.3,136.6
Kern,Kern River GSA,2024,98514.4,7751.8,87449.0,5007.1,1293.4,37442.2,24610.0,8477.0,12975.5,0.0,9464.8,3898.1,353.4
Kern,Kern Water Bank GSA,2020,215.5,0.0,0.0,424.0,0.0,198.9,0.0,0.0,16.6,0.0,0.0,0.0,0.0
Kern,Kern Water Bank GSA,2021,216.2,390.2,0.0,0.0,0.0,199.6,0.0,0.0,16.6,0.0,0.0,0.0,0.0
Kern,Kern Water Bank GSA,2022,216.2,390.2,0.0,0.0,0.0,199.6,0.0,0.0,16.6,0.0,0.0,0.0,0.0
Kern,Kern Water Bank GSA,2023,216.2,137.7,0.0,0.0,0.0,199.6,0.0,0.0,0.0,0.0,16.6,0.0,0.0
Kern,Kern Water Bank GSA,2024,217.5,0.0,0.0,0.0,0.0,200.9,0.0,0.0,0.0,0.0,16.6,0.0,0.0
Kern,Kern-Tulare Water District GSA - Kern County,2020,10052.8,0.0,0.0,1708.4,3482.9,4337.1,15.1,114.9,8.8,0.0,0.0,2084.8,9.2
Kern,Kern-Tulare Water District GSA - Kern County,2021,10194.2,967.7,0.0,599.4,3443.7,4245.1,14.7,77.6,1.2,0.0,0.0,1807.9,604.0
Kern,Kern-Tulare Water District GSA - Kern County,2022,11208.3,505.5,0.0,72.2,3459.2,4972.0,23.5,456.6,81.8,0.0,0.0,1783.8,431.4
Kern,Kern-Tulare Water District GSA - Kern County,2023,11042.2,481.7,0.0,251.4,3498.4,5363.6,21.9,372.4,77.8,0.0,0.0,1708.1,0.0
Kern,Kern-Tulare Water District GSA - Kern County,2024,11046.6,584.6,0.0,146.2,3507.6,5329.2,9.2,521.6,77.8,0.0,1.6,1599.6,0.0
Kern,North Kern Water Storage District GSA,2020,52614.5,0.0,83758.9,6134.5,0.0,42782.6,288.8,742.5,608.9,0.0,4412.6,2941.6,837.5
Kern,North Kern Water Storage District GSA,2021,51609.7,3226.5,83706.5,2890.1,0.0,41317.1,630.2,1369.6,503.2,0.0,3184.2,2857.0,1748.4
Kern,North Kern Water Storage District GSA,2022,54527.3,2301.1,84364.6,1542.5,0.0,45087.8,459.7,799.7,464.7,0.0,3329.6,2807.1,1578.7
Kern,North Kern Water Storage District GSA,2023,53454.6,1631.7,85002.4,1744.3,0.0,45277.9,545.6,777.5,516.5,0.0,3129.8,2669.8,537.5
Kern,North Kern Water Storage District GSA,2024,53757.3,1903.6,85255.1,958.6,0.0,44992.0,457.2,1031.8,430.1,0.0,2790.5,2529.0,1526.7
Kern,Olcese Water District GSA,2020,1180.3,0.0,2659.8,0.0,989.6,179.5,0.0,0.0,11.2,0.0,0.0,0.0,0.0
Kern,Olcese Water District GSA,2021,1180.3,0.0,2390.4,0.0,989.6,179.5,0.0,0.0,11.2,0.0,0.0,0.0,0.0
Kern,Olcese Water District GSA,2022,1180.2,0.0,2387.7,0.0,989.6,179.4,0.0,0.0,11.2,0.0,0.0,0.0,0.0
Kern,Olcese Water District GSA,2023,1180.2,0.0,1179.3,0.0,989.6,179.4,0.0,0.0,11.2,0.0,0.0,0.0,0.0
Kern,Olcese Water District GSA,2024,1179.2,0.0,233.5,0.0,988.6,179.4,0.0,0.0,11.2,0.0,0.0,0.0,0.0
Kern,Pioneer GSA,2020,552.9,0.0,0.0,614.3,0.0,0.0,0.0,298.5,0.0,0.0,254.4,0.0,0.0
Kern,Pioneer GSA,2021,635.9,531.3,0.0,0.0,0.0,0.0,0.0,163.0,0.0,0.0,472.9,0.0,0.0
Kern,Pioneer GSA,2022,298.5,444.7,0.0,40.6,0.0,0.0,0.0,0.0,0.0,0.0,298.5,0.0,0.0
Kern,Pioneer GSA,2023,298.5,485.3,0.0,0.0,0.0,0.0,0.0,0.0,0.0,0.0,298.5,0.0,0.0
Kern,Pioneer GSA,2024,298.5,343.1,0.0,0.0,0.0,0.0,0.0,0.0,0.0,0.0,298.5,0.0,0.0
Kern,Rosedale-Rio Bravo Water Storage District GSA,2020,29306.2,0.0,80870.8,3345.1,8.5,17375.8,3049.5,2936.4,2695.3,0.0,1867.7,895.8,477.2
Kern,Rosedale-Rio Bravo Water Storage District GSA,2021,28511.6,2137.0,80497.6,1802.1,8.5,17226.8,3121.3,2231.2,2116.3,0.0,2150.1,872.7,784.7
Kern,Rosedale-Rio Bravo Water Storage District GSA,2022,30076.9,1861.8,81014.9,483.0,8.4,18065.0,3259.2,1874.7,1709.5,0.0,2166.8,872.7,2120.6
Kern,Rosedale-Rio Bravo Water Storage District GSA,2023,29786.8,1617.6,81397.7,361.6,8.4,19409.0,3264.2,2175.5,1296.5,0.0,2368.7,872.7,391.8
Kern,Rosedale-Rio Bravo Water Storage District GSA,2024,28511.0,1573.2,81633.9,1653.0,8.4,19220.9,2734.8,2824.8,1190.0,0.0,1516.5,857.9,157.7
Kern,Semitropic Water Storage District GSA,2020,121987.1,0.0,2461.5,13746.2,916.5,84463.1,12460.5,4663.0,9961.9,0.0,2800.9,5634.8,1086.4
Kern,Semitropic Water Storage District GSA,2021,117321.0,11658.3,2516.2,6746.1,916.5,81766.3,12952.9,3115.6,9695.1,0.0,2364.8,5568.4,941.4
Kern,Semitropic Water Storage District GSA,2022,119414.5,13491.6,2516.1,2296.1,871.9,84573.4,12393.3,3936.0,7693.9,0.0,2767.7,5630.6,1547.7
Kern,Semitropic Water Storage District GSA,2023,120564.3,11758.3,2521.3,2861.1,871.6,84611.7,14631.2,5182.2,6558.3,0.0,3037.6,5210.8,460.9
Kern,Semitropic Water Storage District GSA,2024,114907.4,13019.3,2185.2,6497.4,871.6,81954.1,12625.4,5446.6,6616.8,0.0,2508.7,4591.9,292.3
Kern,Shafter-Wasco Irrigation District GSA,2020,37535.8,0.0,4458.9,2697.2,37.5,28336.1,2652.7,1235.2,2999.0,0.0,603.3,1331.0,341.0
Kern,Shafter-Wasco Irrigation District GSA,2021,35660.3,2157.6,4585.0,2391.2,37.5,26344.3,2590.6,851.7,2987.1,0.0,741.8,1312.7,794.6
Kern,Shafter-Wasco Irrigation District GSA,2022,37736.8,1855.9,4701.5,580.2,37.5,28203.5,2381.9,1233.2,2701.2,0.0,1184.2,1309.6,685.7
Kern,Shafter-Wasco Irrigation District GSA,2023,37431.3,1895.0,4741.0,723.9,37.5,27935.4,2323.4,1530.0,2394.4,0.0,1654.9,1343.0,212.7
Kern,Shafter-Wasco Irrigation District GSA,2024,36571.3,1803.7,4812.1,1525.0,37.5,26752.9,2655.4,1385.9,1901.1,0.0,2312.5,1236.0,290.0
Kern,Southern San Joaquin Municipal Utility District - GSA,2020,44586.5,0.0,5853.6,6277.3,4634.2,22146.3,188.1,803.9,1154.2,0.0,732.2,13961.7,965.9
Kern,Southern San Joaquin Municipal Utility District - GSA,2021,43237.5,5660.4,5837.1,1999.6,4602.6,21416.8,32.7,599.2,1138.4,0.0,653.9,13207.1,1586.8
Kern,Southern San Joaquin Municipal Utility District - GSA,2022,46659.2,3309.7,5915.9,1175.7,4782.5,24621.0,88.0,1241.1,1057.7,0.0,570.3,12774.5,1524.1
Kern,Southern San Joaquin Municipal Utility District - GSA,2023,46453.1,3360.8,6012.5,1089.4,4976.1,25358.3,277.4,1430.3,914.2,0.0,510.8,12488.3,497.7
Kern,Southern San Joaquin Municipal Utility District - GSA,2024,45324.9,3665.0,6078.6,1615.2,5050.0,25150.2,213.1,1139.2,940.2,0.0,603.0,11789.9,439.3
Kern,Tejon-Castac Water District GSA,2020,57.8,0.0,0.0,0.0,57.8,0.0,0.0,0.0,0.0,0.0,0.0,0.0,0.0
Kern,Tejon-Castac Water District GSA,2021,57.8,0.0,0.0,0.0,57.8,0.0,0.0,0.0,0.0,0.0,0.0,0.0,0.0
Kern,Tejon-Castac Water District GSA,2022,57.8,0.0,0.0,0.0,57.8,0.0,0.0,0.0,0.0,0.0,0.0,0.0,0.0
Kern,Tejon-Castac Water District GSA,2023,48.1,0.0,0.0,0.0,48.1,0.0,0.0,0.0,0.0,0.0,0.0,0.0,0.0
Kern,Tejon-Castac Water District GSA,2024,48.1,0.0,0.0,0.0,48.1,0.0,0.0,0.0,0.0,0.0,0.0,0.0,0.0
Kern,West Kern Water District GSA,2020,769.7,0.0,3188.9,347.8,375.1,96.3,0.0,173.5,115.6,0.0,9.2,0.0,0.0
Kern,West Kern Water District GSA,2021,708.5,326.0,3034.6,212.9,375.1,96.3,0.0,131.0,106.1,0.0,0.0,0.0,0.0
Kern,West Kern Water District GSA,2022,615.8,437.4,3063.4,233.5,376.0,96.3,0.0,26.9,116.6,0.0,0.0,0.0,0.0
Kern,West Kern Water District GSA,2023,737.3,216.5,3226.6,134.7,376.0,96.3,3.1,133.1,128.8,0.0,0.0,0.0,0.0
Kern,West Kern Water District GSA,2024,736.4,221.3,3228.0,130.8,376.0,96.3,0.0,148.0,116.1,0.0,0.0,0.0,0.0
Kern,Westside District Water Authority GSA,2020,87771.6,0.0,233.3,48903.7,3499.9,79532.8,0.0,2088.5,288.5,0.0,39.3,321.3,2001.3
Kern,Westside District Water Authority GSA,2021,81546.8,47924.6,290.8,7206.3,2663.7,75477.5,79.3,1285.1,264.2,0.0,16.1,313.1,1447.8
Kern,Westside District Water Authority GSA,2022,83615.4,49776.0,301.3,3026.0,2663.2,73426.7,30.5,1497.3,264.2,0.0,13.8,313.1,5406.6
Kern,Westside District Water Authority GSA,2023,85101.1,45406.2,309.6,5664.6,3576.9,73019.0,600.0,6999.8,326.6,0.0,179.6,309.9,89.3
Kern,Westside District Water Authority GSA,2024,84068.6,47281.3,309.6,5692.8,3770.3,69308.9,92.6,9354.6,445.1,0.0,783.5,309.5,4.1
Kern,Wheeler Ridge-Maricopa GSA,2020,55803.9,0.0,0.0,16873.7,20008.3,14956.4,404.4,779.6,2184.2,0.0,4904.6,11358.4,1208.0
Kern,Wheeler Ridge-Maricopa GSA,2021,53193.7,14728.4,0.0,4679.8,19376.7,15099.4,579.7,661.5,1804.2,0.0,3717.3,10746.9,1208.0
Kern,Wheeler Ridge-Maricopa GSA,2022,54088.4,16297.3,0.0,2187.4,19958.8,15321.3,697.1,1704.3,1393.6,0.0,3340.4,10562.7,1110.2
Kern,Wheeler Ridge-Maricopa GSA,2023,53043.8,14362.5,0.0,2911.3,21488.5,12962.7,637.9,1621.3,1304.0,0.0,4343.8,10614.2,71.4
Kern,Wheeler Ridge-Maricopa GSA,2024,51179.5,12113.9,0.0,5431.5,21224.3,9887.6,479.4,4359.4,506.4,0.0,4373.4,9486.0,863.0
Kings,Central Kings GSA,2020,115577.2,0.0,14302.1,8517.9,8171.1,52018.3,657.3,1265.8,1277.6,0.0,3505.6,47136.3,1545.2
Kings,Central Kings GSA,2021,115664.5,6198.3,14388.2,2192.4,8235.7,51274.6,670.9,977.9,1379.5,0.0,3455.7,44268.7,5401.5
Kings,Central Kings GSA,2022,115904.0,5848.2,14518.0,2293.2,9227.4,56255.2,971.6,482.0,1740.7,0.0,3616.7,40854.4,2756.0
Kings,Central Kings GSA,2023,116347.9,5809.3,15179.6,1773.1,9508.1,57552.7,1531.3,1137.9,1892.4,0.0,3623.3,38968.4,2133.8
Kings,Central Kings GSA,2024,115169.2,6107.6,15192.8,2184.2,10038.4,56574.8,1524.2,254.1,1989.1,0.0,4007.5,37514.6,3266.5
Kings,James GSA,2020,23151.3,0.0,379.2,2709.5,0.0,13197.0,4932.3,614.1,1371.1,0.0,1291.1,1686.8,58.9
Kings,James GSA,2021,23520.7,1138.7,379.2,1196.7,0.0,14128.2,4553.6,411.0,1105.5,0.0,1519.9,1686.8,115.7
Kings,James GSA,2022,23625.7,1572.0,379.2,669.3,0.0,14335.2,4573.7,386.0,1070.4,0.0,1323.2,1339.6,597.6
Kings,James GSA,2023,23382.3,830.2,401.1,1309.6,0.0,14694.7,4963.4,164.3,306.0,0.0,1244.7,1339.6,669.6
Kings,James GSA,2024,22617.5,1344.4,401.1,1543.4,0.0,14591.3,3455.8,822.1,456.0,0.0,1266.5,1337.1,688.7
Kings,Kings River East GSA,2020,131495.8,0.0,8086.9,9023.0,51491.8,43195.6,9635.2,4981.7,8103.4,0.0,2542.6,9263.3,2282.2
Kings,Kings River East GSA,2021,128520.5,6618.6,7949.2,5687.3,50285.3,41715.9,9313.0,3330.0,7226.4,0.0,2406.1,8934.2,5309.6
Kings,Kings River East GSA,2022,130707.2,6721.1,8073.5,3130.9,52403.2,42601.2,9913.2,2755.8,7397.2,0.0,2288.8,9131.0,4216.8
Kings,Kings River East GSA,2023,130913.5,6431.6,8399.4,2818.1,53439.3,42211.7,9876.9,3604.3,7329.3,0.0,2800.2,8816.6,2835.2
Kings,Kings River East GSA,2024,129553.6,6899.5,8420.3,3692.7,53532.9,40102.9,10850.2,2936.4,7038.8,0.0,2269.4,8384.4,4438.6
Kings,McMullin Area GSA,2020,105865.1,0.0,66.7,2644.5,155.7,54062.3,10561.8,415.2,9503.1,0.0,3519.9,27156.8,490.3
Kings,McMullin Area GSA,2021,105644.9,1994.2,66.7,822.1,155.7,54653.6,10570.1,796.4,8753.2,0.0,3357.5,25414.5,1943.9
Kings,McMullin Area GSA,2022,104810.3,1694.3,66.7,1882.9,155.7,54739.9,9680.8,1107.8,8855.3,0.0,3779.7,24267.6,2223.5
Kings,McMullin Area GSA,2023,104980.6,1848.8,70.9,1527.4,155.7,56072.8,9075.0,2958.3,8636.7,0.0,3958.7,23284.0,839.4
Kings,McMullin Area GSA,2024,104160.4,2060.0,72.0,1830.6,208.2,55469.8,9300.4,3045.2,9030.5,0.0,2989.7,22647.4,1469.2
Kings,North Fork Kings GSA,2020,132325.9,0.0,702.2,8913.7,237.6,66191.6,26196.1,6594.3,11498.8,0.0,4501.3,16325.3,780.9
Kings,North Fork Kings GSA,2021,128503.3,5573.6,710.6,7017.2,259.8,64882.6,23563.9,7569.5,11571.3,0.0,3994.6,15377.6,1284.0
Kings,North Fork Kings GSA,2022,132420.5,5903.2,711.2,2593.1,271.1,68150.3,24622.5,6269.7,10673.8,0.0,3517.4,14431.1,4484.6
Kings,North Fork Kings GSA,2023,134502.6,4857.4,724.8,1579.2,327.0,70672.7,25745.8,7520.4,10563.3,0.0,4653.4,14315.7,704.3
Kings,North Fork Kings GSA,2024,133428.8,3215.8,722.2,3904.4,340.9,69885.4,24396.9,11313.8,9731.2,0.0,2669.9,14427.6,663.1
Kings,North Kings GSA,2020,127767.8,0.0,104870.1,16238.2,15442.7,57795.9,3825.2,4162.4,4927.5,0.0,5544.3,35442.8,627.0
Kings,North Kings GSA,2021,130279.3,11432.2,104941.8,3015.5,15241.5,57688.8,3571.5,3473.3,5780.0,0.0,5694.1,33473.0,5357.1
Kings,North Kings GSA,2022,128858.0,10005.5,105402.9,4489.9,16420.6,62704.3,3956.9,2131.8,5938.3,0.0,4980.6,30716.0,2009.5
Kings,North Kings GSA,2023,129868.2,9741.1,106211.6,3332.5,16455.8,62668.8,4369.6,4473.5,6346.3,0.0,5084.9,29518.0,951.3
Kings,North Kings GSA,2024,128530.1,9698.9,106869.8,4297.9,16719.6,61636.6,4920.3,3552.1,6161.7,0.0,5285.3,28172.9,2081.6
Kings,South Kings GSA,2020,2325.4,0.0,7891.0,685.9,391.4,491.4,105.9,429.3,125.2,0.0,93.3,642.5,46.4
Kings,South Kings GSA,2021,2291.9,525.5,8041.1,134.4,410.9,480.9,105.9,316.7,116.0,0.0,83.4,615.0,163.1
Kings,South Kings GSA,2022,2034.0,528.3,8130.4,250.5,444.6,608.1,0.0,119.9,239.7,0.0,65.6,544.2,11.9
Kings,South Kings GSA,2023,2113.4,556.3,8712.2,51.7,444.6,553.3,2.9,214.0,247.7,0.0,64.7,543.8,42.4
Kings,South Kings GSA,2024,1899.8,559.5,8721.2,191.4,442.7,528.6,0.0,100.4,254.9,0.0,60.6,472.9,39.7
Tulare Lake,El Rico GSA,2020,140196.5,0.0,2146.8,22189.9,0.0,11412.0,91938.1,15276.0,5733.9,0.0,15513.1,323.4,0.0
Tulare Lake,El Rico GSA,2021,118381.7,12477.5,2146.8,31532.1,0.0,11419.5,67209.4,15536.2,4664.9,0.0,18924.7,323.4,303.6
Tulare Lake,El Rico GSA,2022,131543.8,19228.4,2719.9,11876.2,0.0,14719.6,74476.3,16070.1,4248.7,0.0,19201.6,323.4,2504.1
Tulare Lake,El Rico GSA,2023,86661.9,19872.0,2734.1,55971.9,0.0,18921.0,43463.0,13583.5,3425.4,0.0,6747.8,481.3,39.9
Tulare Lake,El Rico GSA,2024,144395.1,11121.1,2750.9,6152.3,0.0,19780.7,93238.7,12275.6,2211.1,0.0,16252.9,481.3,154.8
Tulare Lake,Mid-Kings River GSA,2020,67958.5,0.0,14187.7,5043.9,404.3,34580.9,22156.6,2875.5,4977.7,0.0,781.1,1357.6,824.8
Tulare Lake,Mid-Kings River GSA,2021,66170.8,4422.4,14096.1,2430.9,370.8,33804.4,20388.8,3407.6,5021.2,0.0,1126.5,1292.7,758.8
Tulare Lake,Mid-Kings River GSA,2022,67672.0,4606.8,14379.5,601.7,615.3,35343.2,20200.1,2269.1,5152.9,0.0,1767.0,1255.1,1069.3
Tulare Lake,Mid-Kings River GSA,2023,69518.5,2242.6,14165.7,750.1,618.7,34656.8,22503.5,3411.2,4650.7,0.0,1860.7,1221.0,595.9
Tulare Lake,Mid-Kings River GSA,2024,68557.5,2152.9,14222.0,1398.7,652.6,32258.0,22656.4,4555.9,4614.7,0.0,1802.8,1256.2,760.9
Tulare Lake,South Fork Kings GSA,2020,44925.1,0.0,5119.9,9555.9,1.5,14137.8,14159.3,5710.6,7078.6,0.0,2194.9,1418.7,223.7
Tulare Lake,South Fork Kings GSA,2021,35820.3,7591.7,5120.0,9666.4,1.5,14085.8,8589.9,3888.1,5595.9,0.0,2170.3,1418.7,70.1
Tulare Lake,South Fork Kings GSA,2022,37567.7,12664.2,5110.2,2266.0,1.5,14637.0,10091.5,3921.3,4774.0,0.0,1534.2,1374.5,1233.7
Tulare Lake,South Fork Kings GSA,2023,42210.8,8130.6,5007.8,2097.7,1.5,15622.7,14915.0,4820.8,3490.5,0.0,1960.6,1320.1,79.6
Tulare Lake,South Fork Kings GSA,2024,42006.3,6572.2,5051.1,3328.8,1.5,15484.6,14027.6,6412.6,3493.7,0.0,1228.6,1270.5,87.2
Tulare Lake,Southwest Kings GSA,2020,20423.2,0.0,143.7,36039.0,743.6,17119.7,1091.6,0.0,201.1,0.0,0.0,1238.7,28.5
Tulare Lake,Southwest Kings GSA,2021,19452.9,35809.0,148.4,1194.7,743.6,17102.0,260.2,0.0,108.4,0.0,0.0,1238.7,0.0
Tulare Lake,Southwest Kings GSA,2022,21363.5,35182.7,148.4,68.4,1643.4,17033.5,1037.1,92.6,108.4,0.0,209.8,1238.7,0.0
Tulare Lake,Southwest Kings GSA,2023,25685.0,27542.0,146.9,2855.3,1643.4,15092.8,4687.7,2756.4,108.4,0.0,157.6,1238.7,0.0
Tulare Lake,Southwest Kings GSA,2024,24727.2,27041.0,146.9,4552.1,1643.1,15806.9,3068.2,2880.1,88.3,0.0,1.9,1238.7,0.0
Tulare Lake,Tri-County Water Authority GSA - Tulare Lake,2020,5187.5,0.0,0.0,5235.4,0.0,3517.4,1061.7,90.6,517.8,0.0,0.0,0.0,0.0
Tulare Lake,Tri-County Water Authority GSA - Tulare Lake,2021,4263.4,5051.4,0.0,1108.3,0.0,3517.4,184.0,0.0,562.0,0.0,0.0,0.0,0.0
Tulare Lake,Tri-County Water Authority GSA - Tulare Lake,2022,4732.4,5442.1,0.0,0.0,0.0,3516.8,653.7,0.0,561.9,0.0,0.0,0.0,0.0
Tulare Lake,Tri-County Water Authority GSA - Tulare Lake,2023,13262.4,5151.1,0.0,0.0,0.0,3516.8,3616.7,5253.2,742.3,0.0,0.0,0.0,133.4
Tulare Lake,Tri-County Water Authority GSA - Tulare Lake,2024,7995.6,5151.1,0.0,7225.8,0.0,3651.1,580.7,2967.4,742.6,0.0,53.8,0.0,0.0
Tule,Alpaugh GSA,2020,6257.9,0.0,230.5,6183.3,0.0,2734.8,455.0,1142.7,1911.6,0.0,0.0,0.0,13.8
Tule,Alpaugh GSA,2021,5664.3,6117.1,230.5,659.8,0.0,2734.8,462.4,551.3,1902.0,0.0,0.0,0.0,13.8
Tule,Alpaugh GSA,2022,5986.0,6447.9,235.0,0.0,0.0,2749.7,384.0,808.0,2038.6,0.0,0.0,0.0,5.7
Tule,Alpaugh GSA,2023,5993.4,6422.3,236.8,10.0,0.0,2749.7,290.2,875.9,2071.9,0.0,0.0,0.0,5.7
Tule,Alpaugh GSA,2024,5872.1,6172.3,236.8,200.2,0.0,2755.5,580.3,839.7,1696.6,0.0,0.0,0.0,0.0
Tule,County of Tulare GSA - Tule,2020,5181.7,0.0,0.0,2311.1,0.0,3503.8,110.5,277.3,76.8,0.0,301.4,911.9,0.0
Tule,County of Tulare GSA - Tule,2021,5249.8,1813.2,0.0,429.6,0.0,3544.0,170.8,15.3,76.8,0.0,390.0,983.2,69.7
Tule,County of Tulare GSA - Tule,2022,5070.3,1921.2,0.0,374.5,0.0,3566.6,76.1,110.1,76.8,0.0,304.4,936.3,0.0
Tule,County of Tulare GSA - Tule,2023,5010.1,2047.0,0.0,308.8,0.0,3499.7,110.5,75.6,76.8,0.0,311.2,936.3,0.0
Tule,County of Tulare GSA - Tule,2024,4982.1,1966.8,0.0,326.5,0.0,3497.5,76.1,94.8,76.8,0.0,301.1,935.8,0.0
Tule,Delano-Earlimart Irrigation District GSA,2020,44936.5,0.0,5539.9,7217.6,2290.5,20803.9,137.4,457.3,130.1,0.0,820.7,19516.1,780.5
Tule,Delano-Earlimart Irrigation District GSA,2021,44553.9,5215.1,5504.5,1971.0,2328.1,20345.1,307.1,282.3,65.1,0.0,716.9,18752.1,1757.2
Tule,Delano-Earlimart Irrigation District GSA,2022,46313.3,4479.8,5474.6,821.6,2665.1,22753.3,53.4,313.3,61.1,0.0,711.4,18242.0,1513.7
Tule,Delano-Earlimart Irrigation District GSA,2023,45763.1,4211.2,5554.5,1599.2,2839.7,23309.1,152.0,850.5,17.4,0.0,856.5,17611.5,126.4
Tule,Delano-Earlimart Irrigation District GSA,2024,45256.5,4811.0,5596.4,1575.1,2848.4,23309.4,180.2,971.9,16.8,0.0,746.5,16965.4,217.9
Tule,Kern-Tulare Water District GSA - Tule,2020,7426.0,0.0,248.3,4310.3,2327.3,2673.6,0.0,1040.8,66.5,0.0,301.7,1016.1,0.0
Tule,Kern-Tulare Water District GSA - Tule,2021,5959.6,4234.9,248.3,1541.9,2327.3,2474.8,47.4,0.0,19.2,0.0,301.7,789.2,0.0
Tule,Kern-Tulare Water District GSA - Tule,2022,9086.8,2254.3,244.2,51.3,2346.5,2510.3,47.4,334.6,0.0,0.0,301.7,775.8,2770.5
Tule,Kern-Tulare Water District GSA - Tule,2023,10673.6,667.4,248.3,80.5,2363.7,5297.4,0.0,1942.8,0.0,0.0,284.4,775.8,9.5
Tule,Kern-Tulare Water District GSA - Tule,2024,10033.8,528.9,248.3,440.7,2390.5,5244.6,58.2,1350.2,0.0,0.0,266.9,716.6,6.8
Tule,Lower Tule River Irrigation District GSA,2020,82869.2,0.0,1757.4,4097.9,553.1,31078.1,34771.4,6684.5,7072.0,0.0,421.4,2159.1,129.6
Tule,Lower Tule River Irrigation District GSA,2021,79295.8,3476.9,1794.7,4147.4,553.1,30546.4,29608.9,9447.7,6326.4,0.0,491.8,2061.4,260.1
Tule,Lower Tule River Irrigation District GSA,2022,82376.2,3027.6,1808.1,1091.9,566.3,33141.0,31795.6,7336.5,5140.5,0.0,309.7,2092.1,1994.5
Tule,Lower Tule River Irrigation District GSA,2023,80391.4,2767.4,1806.7,2920.1,643.5,33218.0,34467.5,5183.1,4127.2,0.0,463.6,2086.4,202.1
Tule,Lower Tule River Irrigation District GSA,2024,79377.6,4139.6,1014.6,2036.9,637.8,33884.6,33993.8,3941.9,3832.5,0.0,733.8,2123.4,229.8
Tule,Pixley Irrigation District GSA,2020,52077.4,0.0,793.1,2482.4,12.8,20446.9,17797.5,6086.9,3147.7,0.0,50.5,3118.5,1416.6
Tule,Pixley Irrigation District GSA,2021,51020.2,1700.7,793.1,1845.6,12.8,21783.6,13655.5,8443.6,2673.3,0.0,36.9,2577.5,1837.0
Tule,Pixley Irrigation District GSA,2022,51448.0,2742.7,808.2,291.2,12.8,24224.6,14008.0,8805.2,1377.9,0.0,33.8,2616.0,369.7
Tule,Pixley Irrigation District GSA,2023,51239.4,2323.9,808.4,788.9,12.8,23397.9,16865.8,6362.5,1392.3,0.0,194.6,2102.4,911.1
Tule,Pixley Irrigation District GSA,2024,50528.3,2025.1,712.3,1031.0,12.8,24010.9,14663.2,7979.4,1245.9,0.0,115.4,2213.3,287.4
Tule,Porterville Irrigation District GSA,2020,11530.6,0.0,9211.4,1408.6,1202.1,6390.4,669.4,662.6,648.3,0.0,336.1,1343.6,278.1
Tule,Porterville Irrigation District GSA,2021,11140.7,1089.2,9204.1,708.1,1191.5,6428.6,467.1,348.2,562.3,0.0,293.2,1375.3,474.5
Tule,Porterville Irrigation District GSA,2022,11396.3,1251.8,9299.4,263.7,1394.9,6595.3,500.4,469.6,552.5,0.0,253.4,1422.0,208.2
Tule,Porterville Irrigation District GSA,2023,11260.5,779.0,9471.7,466.7,1437.7,6170.4,626.3,650.9,622.0,0.0,290.8,1399.0,63.4
Tule,Porterville Irrigation District GSA,2024,11464.6,614.1,9476.5,348.4,1484.8,5733.7,764.6,1111.6,599.1,0.0,179.1,1391.9,199.8
Tule,Saucelito Irrigation District GSA,2020,19157.2,0.0,0.0,441.9,1474.7,12610.9,563.8,66.0,156.4,0.0,0.0,3883.5,401.9
Tule,Saucelito Irrigation District GSA,2021,18669.0,364.6,0.0,523.5,1548.7,12357.2,529.6,47.6,156.4,0.0,0.0,3602.1,427.4
Tule,Saucelito Irrigation District GSA,2022,18964.7,440.4,0.0,152.1,1666.5,12915.1,383.5,231.3,118.6,0.0,0.0,3503.5,146.2
Tule,Saucelito Irrigation District GSA,2023,18079.0,369.3,0.0,615.3,1534.5,12169.6,767.5,66.1,40.7,0.0,227.4,3121.9,151.3
Tule,Saucelito Irrigation District GSA,2024,17803.7,698.8,0.0,452.3,1572.6,11811.1,816.9,117.9,3.5,0.0,144.8,3110.6,226.3
Tule,Tea Pot Dome Water District GSA,2020,3236.3,0.0,0.0,446.9,3067.9,66.3,0.0,77.5,0.0,0.0,5.6,0.0,19.0
Tule,Tea Pot Dome Water District GSA,2021,3153.7,446.9,0.0,82.6,3056.3,66.3,0.0,9.2,0.0,0.0,3.7,0.0,18.2
Tule,Tea Pot Dome Water District GSA,2022,3264.5,376.2,0.0,43.2,2976.7,75.7,0.0,70.9,0.0,0.0,5.6,0.0,135.6
Tule,Tea Pot Dome Water District GSA,2023,3213.0,417.5,0.0,61.8,2965.3,158.0,0.0,70.9,0.0,0.0,5.6,0.0,13.2
Tule,Tea Pot Dome Water District GSA,2024,3316.2,294.9,0.0,78.3,2904.0,164.2,0.0,69.4,151.0,0.0,5.6,0.0,22.0
Tule,Terra Bella Irrigation District GSA,2020,9104.3,0.0,569.5,2227.4,5072.3,2556.3,0.0,1098.5,74.7,0.0,37.3,10.1,255.1
Tule,Terra Bella Irrigation District GSA,2021,7839.7,2210.1,585.9,1281.7,4934.2,2553.0,0.0,9.9,70.6,0.0,23.9,5.9,242.2
Tule,Terra Bella Irrigation District GSA,2022,9097.0,2171.4,589.1,72.6,5106.9,2738.0,0.0,633.5,69.4,0.0,32.4,5.9,510.9
Tule,Terra Bella Irrigation District GSA,2023,9147.8,1924.9,590.5,279.7,5148.4,3110.6,4.0,701.2,69.4,0.0,35.9,0.8,77.5
Tule,Terra Bella Irrigation District GSA,2024,9622.9,1652.4,590.5,72.3,5185.0,3247.3,0.0,1022.3,74.4,0.0,40.0,0.8,53.1
Tule,Tri-County Water Authority GSA - Tule,2020,26877.5,0.0,0.0,22589.5,0.0,16800.7,1670.1,7260.1,236.7,0.0,154.4,755.5,0.0
Tule,Tri-County Water Authority GSA - Tule,2021,23092.5,21993.4,0.0,4373.4,0.0,16799.1,1685.4,3383.1,317.1,0.0,238.8,669.0,0.0
Tule,Tri-County Water Authority GSA - Tule,2022,25873.7,23007.4,0.0,505.4,0.0,16713.9,1494.0,6371.3,341.1,0.0,157.3,668.7,127.4
Tule,Tri-County Water Authority GSA - Tule,2023,25924.4,22322.2,0.0,1140.8,0.0,16986.2,1506.5,6132.5,522.4,0.0,237.2,521.0,18.6
Tule,Tri-County Water Authority GSA - Tule,2024,26542.4,21581.5,0.0,1001.9,0.0,17061.1,1611.0,6690.0,447.0,0.0,76.8,521.0,135.5
Tule,Tule East GSA JPA,2020,43267.9,0.0,10463.9,17988.5,18316.3,8306.3,16.7,10434.3,617.5,0.0,173.6,4733.5,669.7
Tule,Tule East GSA JPA,2021,32467.2,17847.0,10435.6,10980.8,18180.4,8277.8,22.7,258.4,539.5,0.0,164.0,4430.2,594.2
Tule,Tule East GSA JPA,2022,44598.7,15962.7,10608.9,312.3,18524.0,8716.1,182.2,10683.8,433.3,0.0,165.9,4360.5,1532.9
Tule,Tule East GSA JPA,2023,50559.6,8870.4,10818.1,1589.3,18552.7,10141.1,18.2,17055.9,469.0,0.0,171.7,4069.7,81.3
Tule,Tule East GSA JPA,2024,50304.0,7635.9,10828.0,1435.4,18361.8,10303.8,90.6,16237.6,1323.1,0.0,171.7,3655.5,159.9
Tule,Vandalia Water District GSA,2020,1357.4,0.0,8859.3,20.8,1329.1,0.0,0.0,0.0,0.0,0.0,2.9,0.0,25.4
Tule,Vandalia Water District GSA,2021,1357.4,20.8,8814.6,0.0,1329.1,0.0,0.0,0.0,0.0,0.0,2.9,0.0,25.4
Tule,Vandalia Water District GSA,2022,1356.0,20.8,8907.2,0.7,1342.7,5.3,0.0,0.0,0.0,0.0,2.9,0.0,5.1
Tule,Vandalia Water District GSA,2023,1315.0,21.5,9079.1,41.0,1306.8,5.3,0.0,0.0,0.0,0.0,2.9,0.0,0.0
Tule,Vandalia Water District GSA,2024,1315.0,62.5,9083.9,0.0,1306.8,5.3,0.0,0.0,0.0,0.0,2.9,0.0,0.0
Westside,County of Fresno GSA - Westside,2020,8761.3,0.0,1723.2,5907.3,121.1,6540.7,180.7,779.3,65.1,0.0,721.3,245.7,107.4
Westside,County of Fresno GSA - Westside,2021,8608.8,5232.7,1739.2,833.2,121.1,6735.0,313.6,0.0,217.7,0.0,975.7,245.7,0.0
Westside,County of Fresno GSA - Westside,2022,8163.3,6039.6,1737.5,759.3,121.1,6413.4,489.6,201.2,217.7,0.0,474.6,245.7,0.0
Westside,County of Fresno GSA - Westside,2023,8496.2,5394.5,1705.1,1130.8,121.1,5489.7,532.6,1083.0,152.6,0.0,871.5,245.7,0.0
Westside,County of Fresno GSA - Westside,2024,8425.4,5417.2,1705.1,1084.9,121.0,4855.2,682.6,1924.7,73.5,0.0,520.3,175.7,72.4
Westside,Westlands Water District GSA,2020,391842.2,0.0,4101.0,164612.3,4465.3,196481.4,20275.9,26824.6,4163.3,0.0,120697.8,17513.5,1420.4
Westside,Westlands Water District GSA,2021,364926.9,132412.8,4176.4,54868.5,4321.5,205458.3,14810.1,17477.8,4099.2,0.0,99172.4,18337.8,1249.8
Westside,Westlands Water District GSA,2022,348190.6,156963.5,4150.5,47839.4,3914.1,204508.4,17394.4,16955.2,3335.8,0.0,78319.9,17436.5,6326.3
Westside,Westlands Water District GSA,2023,422748.7,100345.0,4144.9,24309.5,3802.9,198565.7,33726.0,73954.8,2595.6,0.0,91270.6,16405.3,2427.8
Westside,Westlands Water District GSA,2024,413371.7,78482.1,4144.9,50151.4,4090.7,187324.7,35504.1,75475.0,2270.8,0.0,89377.2,15310.2,4019.0
